run,mesh_res,error_u
0,2,0.57294
1,3,0.22826
2,4,0.12233
3,5,0.07644
